{"Linear Regression": {"R2": 0.3023676206789747, "MAE": 1313.5418175320222, "RMSE": 2261.0966216820407}, "Decision Tree": {"R2": 0.37299980403519295, "MAE": 1223.32186080439, "RMSE": 2143.579745146069}, "Random Forest": {"R2": 0.42256209277230816, "MAE": 1157.911393949891, "RMSE": 2057.114435485567}, "XGBoost": {"R2": 0.43460860095588205, "MAE": 1154.707443271147, "RMSE": 2035.5435816342272}, "XGBoost Optimizado": {"R2": 0.45602409146207656, "MAE": 1113.8375830592488, "RMSE": 1996.6210226029987}}